count,elapsed_time,delay_time
1,8.487701416015625e-05,5.173683166503906e-05
2,2.6886041164398193,0.2909677028656006
3,3.7298519611358643,0.09336495399475098
4,4.698262691497803,0.12519240379333496
