count,elapsed_time,delay_time
1,6.961822509765625e-05,4.887580871582031e-05
2,3.5728819370269775,0.06594204902648926
3,4.547488212585449,0.4629096984863281
4,5.766006946563721,0.12478947639465332
