count,elapsed_time,delay_time
1,8.440017700195312e-05,4.9114227294921875e-05
2,14.31997799873352,0.13948726654052734
3,15.563104391098022,0.11595988273620605
4,16.99142551422119,0.15845203399658203
