count,elapsed_time,delay_time
1,0.0011398792266845703,4.863739013671875e-05
2,406.464741230011,0.2278439998626709
3,407.72850012779236,0.0779879093170166
4,408.6337032318115,0.03253507614135742
