count,elapsed_time,delay_time
1,3.886222839355469e-05,3.0994415283203125e-05
2,7.241271495819092,0.21282672882080078
3,8.843650817871094,0.13847661018371582
4,9.389647722244263,0.1623399257659912
