count,elapsed_time,delay_time
1,0.00022554397583007812,4.506111145019531e-05
2,8.763465404510498,0.12898612022399902
